,chr,bin,clust_val,start,rep,pattern,purity
1,chr1,chr1_10066,0.96,10066,knob180,ZZZAZZZZZZZZAZZZ,0
2,chr1,chr1_138637596,0.91,138637596,CentC,ZZZZZZZZZZZZZZZZ,0
3,chr1,chr1_138754476,0.9,138754476,CentC,ZAHBIJNCODKLMEFGAHBIJNCODKLMEFGAHBIJNCODKLMEFZHBIJZCODLMEFZ,0.932203389830508
4,chr1,chr1_138783735,0.9,138783735,CentC,ZZZZZZZZZ,0
5,chr1,chr1_138903493,0.9,138903493,CentC,ZZABZZZZCCAZBZZZ,0
6,chr1,chr1_138949210,0.9,138949210,CentC,ABABCDAECFDGABCAECFDGABCAECFDZAZCFZCBCDECFCBCDECFZCBCDECFDE,0.745762711864407
7,chr1,chr1_138959210,0.92,138959210,CentC,AGBCADEHFGBCADEHFGBCAGBCAGBCADEHFGBCAGZZFZZBZAZZZZZZZZZZZZZZZZZ,0.603174603174603
8,chr1,chr1_138969210,0.9,138969210,CentC,ABZBZZZZAZZZZZZZZZ,0
9,chr1,chr1_141523565,0.93,141523565,CentC,ZZZZZ,0
10,chr1,chr1_141563565,0.96,141563565,CentC,ZZAZZZZZZA,0
11,chr1,chr1_141726440,0.94,141726440,CentC,DABZBZZZZAZBDA,0
12,chr1,chr1_141736440,0.9,141736440,CentC,AZAAZZZZ,0
13,chr1,chr1_141769797,0.91,141769797,CentC,AAAAAAABAABBABAAAAAAAZ,0
14,chr1,chr1_141796071,0.94,141796071,CentC,AZZAZAAAEFBACGDHAGDZAAAEFBACGDHAAZZIJAAAEZIJAAAAAAEZZZ,0.592592592592593
15,chr1,chr1_141806071,0.96,141806071,CentC,EZABZZCZDEGABCFDEGAZEGABCF,0.653846153846154
16,chr1,chr1_141816071,0.93,141816071,CentC,ABZCDZZCZZFGBCDDFGCDFHABCDDFGCDDFGCDFHABCDDFGCDDFGCDFHABCDDFGCD,0.80952380952381
17,chr1,chr1_141826071,0.9,141826071,CentC,ABCDCCBBDCBABCDCBBDCBBDCBABCDCBBDCBABCDCBABCDCZCZCCBABCBBDCBABCD,0.90625
18,chr1,chr1_141836071,0.92,141836071,CentC,ABBZCABDBBEABDBBEABBZCZBZZ,0.538461538461538
19,chr1,chr1_141846071,0.93,141846071,CentC,ZZAZBAZZZZZBA,0
20,chr1,chr1_141872439,0.92,141872439,CentC,AAAAABCDZAAABCDZEAADFZZCDZEAAAABCAZZZAAZBAAAAAABCDFGZIJAIJAGAAA,0.349206349206349
21,chr1,chr1_141882439,0.94,141882439,CentC,ZZZZZZZABZZZZZZZZAB,0
22,chr1,chr1_141922439,0.93,141922439,CentC,ZABCDEFGHZCDEFZABGHZZ,0.380952380952381
23,chr1,chr1_141967852,0.93,141967852,CentC,AABACZAZZCZAZZBAZZZZZ,0
24,chr1,chr1_142019686,0.92,142019686,CentC,ZZZZZZABZZZZAZZZZZAZZZZZZBZZZZ,0
25,chr1,chr1_142062634,0.92,142062634,CentC,ZZAAAZAAZZAAAAAAAZZABCAAAADEZZAAAZBCAAADEACAAACZAAAACFZAAAAAAACF,0.359375
26,chr1,chr1_142072634,0.94,142072634,CentC,ABCDEZDEZDEFGLHIAZCDJDEFGLHIAZCDJDEKGLHIAFGLHZZCDEGLHIZBCDEKGLHIAZZ,0.805970149253731
27,chr1,chr1_142117468,0.94,142117468,CentC,ABAAZCZAACDAABEFAAAGCZAZCDAAZBAAZCZAACDAABEFAAAGC,0.653061224489796
28,chr1,chr1_142127468,0.95,142127468,CentC,ZZACBZACDEFGZBZZCDZEFGZZHIJZACDZJKZIZZCHIJKAZD,0.391304347826087
29,chr1,chr1_232081747,0.9,232081747,TR1,ZABCAZBZAZBZCZAZAC,0
30,chr1,chr1_232101747,0.9,232101747,TR1,AZBCDEBCDEFZZBEEEZGFEGHIFEGHIFEGHIFEGFEGFEGFZZEGEFGEZZZZFFZZFGEGZZAZ,0.544117647058823
31,chr1,chr1_232165740,0.92,232165740,TR1,ZZZZZBCABCABZ,0.538461538461538
32,chr1,chr1_232216854,0.9,232216854,TR1,ABCAZZZZZZZZZZCAZZZABZZZZZZAC,0
33,chr1,chr1_232274851,0.9,232274851,TR1,AZBCADEDEDZCADCEDCZZCDZZDCAEDCEZZZZZZAAACZZDBZZDAZ,0.28
34,chr1,chr1_232413021,0.91,232413021,TR1,ZABCBDBDCCBZBABCBDBDCBDBCBDCZ,0.758620689655172
35,chr1,chr1_232423021,0.93,232423021,TR1,ZZZZZZZZABCABCABCABCABCABCABCZZ,0.67741935483871
36,chr1,chr1_232433021,0.92,232433021,TR1,ZZZZZAZZZZZZAZAZZZA,0
37,chr1,chr1_232610005,0.92,232610005,TR1,ZZZZZAZZZZZZZZAZZZZZBACBACZZBAC,0.290322580645161
38,chr1,chr1_232640005,0.9,232640005,TR1,ZZZZZZZZZAZZAZZ,0
39,chr1,chr1_232660005,0.91,232660005,TR1,ZAZZZZZZZZZZZAZZZZZZZZZZZZZ,0
40,chr1,chr1_232680005,0.9,232680005,TR1,ZABZCZBADCDCDZCEEZZBZ,0
41,chr1,chr1_232717100,0.92,232717100,TR1,ZZZ,0
42,chr1,chr1_232740358,0.91,232740358,TR1,ABBAABZ,0
43,chr1,chr1_232750358,0.92,232750358,TR1,ZABCZCABZCZZZACCBACBA,0.285714285714286
44,chr1,chr1_232760358,0.9,232760358,TR1,ZABCDFAEFAEABZAEFAEABCDFAEFAEZ,0.9
45,chr1,chr1_232770358,0.92,232770358,TR1,ZZZZZZZZ,0
46,chr1,chr1_255455172,0.92,255455172,knob180,AZZZABCDEFZGZBCDEFCDZFHGZZZZDZZHZIZZJZZZZZJZIZZJZ,0.204081632653061
47,chr1,chr1_255465172,0.91,255465172,knob180,ZZ,0
48,chr1,chr1_255553915,0.93,255553915,knob180,ZZZZZZAAZZZZZZABCDEFGZAHIJKLMNOABCDEFGAHIJKLMNOZAZZZZOZ,0.581818181818182
49,chr1,chr1_255563915,0.92,255563915,knob180,ZZZZZZZ,0
50,chr1,chr1_473438,0.94,473438,knob180,ZABCBDEBIFGZHBBCBDEBIFGHBIFGHBZBZBZZBZZZZZZZABIBZZBBZ,0.471698113207547
51,chr1,chr1_89855585,0.9,89855585,TR1,AZZZZABCDEFABGCDEFABGCAFGGZZFZCGGHCGHZZZZZCA,0.340909090909091
52,chr1,chr1_94306943,0.9,94306943,TR1,ZZZZZZZZZZ,0
53,chr10,chr10_142653166,0.91,142653166,TR1,ZABBCAZBZZBCAZZCZABZZZZZZZBCZZZ,0.193548387096774
54,chr10,chr10_142663166,0.9,142663166,TR1,AZZZAZZZBZZZZB,0
55,chr10,chr10_142733166,0.9,142733166,TR1,ABZCABCABABABZCAABCABCABCABCZZCBZDBCAABCABZZEZZAAAAAACZZBZDZE,0.442622950819672
56,chr10,chr10_142815397,0.9,142815397,TR1,ABCABCABCABCABCABCABCABCABCZB,0.931034482758621
57,chr10,chr10_142883538,0.9,142883538,TR1,ZZAZZZAZ,0
58,chr10,chr10_143015487,0.9,143015487,TR1,ZAZZZZZZZZAAZAZZBCDEFGZZZZBIICDEFG,0.294117647058824
59,chr10,chr10_143035487,0.9,143035487,TR1,ABCDZBDCDCDBCDBCABCZZBCDCCBDBDCDBDCCBDCBDDCBDDCBDCBDCDZDDCBD,0.866666666666667
60,chr10,chr10_143247322,0.9,143247322,TR1,ZABABABABBZAZBBZBAABBABBABBABBZZZZAZB,0.432432432432432
61,chr10,chr10_143315343,0.9,143315343,TR1,ZZZZABCABCABCABCBZZZBACBZBCABCZZZZZBZZCZZDZDAAZAZZZZZZZZZAZZZZ,0.274193548387097
62,chr10,chr10_143490853,0.94,143490853,TR1,ZABCABCAZCZBCABCAB,0.777777777777778
63,chr10,chr10_143546598,0.9,143546598,TR1,ZZZZZ,0
64,chr10,chr10_143575280,0.9,143575280,TR1,ZABCABCABCABCABCZZBCABCABCABCABCABCABCABCABCAZ,0.91304347826087
65,chr10,chr10_143641603,0.94,143641603,TR1,ZZZZZ,0
66,chr10,chr10_143681708,0.9,143681708,TR1,AZZAZZA,0
67,chr10,chr10_143701708,0.9,143701708,TR1,ZABCABCABCZ,0.818181818181818
68,chr10,chr10_143751715,0.9,143751715,TR1,ZABCABBCABCZ,0.833333333333333
69,chr10,chr10_143785413,0.97,143785413,TR1,ZZBCDEFGDBCDEFGD,0.875
70,chr10,chr10_143795413,0.9,143795413,TR1,ZZABACACBACACBACBCBABACBACBCBABDAZADBZCABZZBCCABCAZZ,0.596153846153846
71,chr10,chr10_143859335,0.93,143859335,TR1,ZABABZZ,0
72,chr10,chr10_143879335,0.91,143879335,TR1,ZZZZ,0
73,chr10,chr10_143889335,0.9,143889335,TR1,ABCABCABCBCABCABCBCABCBCABCABCAZ,0.96875
74,chr10,chr10_143969335,0.97,143969335,TR1,ZABABZZZZZZZ,0
75,chr10,chr10_153260355,0.92,153260355,TR1,ZZZZABCABZZZZZACZCBZBACBAZ,0
76,chr10,chr10_153280355,0.9,153280355,TR1,ABCABCABCABZ,0.916666666666667
77,chr10,chr10_153290355,0.93,153290355,TR1,ZABCABCBCABCABCABZ,0.888888888888889
78,chr10,chr10_153300355,0.94,153300355,TR1,ZABCABCZCABCABCABCABCABCABCAZ,0.896551724137931
79,chr10,chr10_153310355,0.9,153310355,TR1,ZABZABZ,0
80,chr10,chr10_153344085,0.9,153344085,TR1,ZABCABCABCABCABCABCABCABCABCABCABCZZZBZAZZZZZZCZCAABCABZAZ,0.655172413793103
81,chr10,chr10_153547145,0.9,153547145,TR1,ZZABCZZZCCZCBCBACBACBBACBACZZZZZZZZZZBAZZBCCCZCABCABCBCZZZBCAZ,0.419354838709677
82,chr10,chr10_153631853,0.91,153631853,TR1,ABCABDBCABCABCABDBCABDBAZAZ,0.777777777777778
83,chr10,chr10_153651853,0.92,153651853,TR1,ZZABCABCABCZCABCABCABCABZZBCABCAZ,0.818181818181818
84,chr10,chr10_153819130,0.9,153819130,TR1,ZZZZZZZ,0
85,chr10,chr10_153920151,0.9,153920151,TR1,ZABCABCABCABCABCABCAZBZ,0.826086956521739
86,chr10,chr10_153930151,0.92,153930151,TR1,ABCADBCABCADBCDC,0.875
87,chr10,chr10_153940151,0.91,153940151,TR1,ZZZZZZ,0
88,chr10,chr10_153997847,0.9,153997847,TR1,ZZZZZZ,0
89,chr10,chr10_154225481,0.91,154225481,TR1,ABCZZZCZDCBAEDBCBAZZZZAZCDCZZEZZZZZZZZ,0.157894736842105
90,chr10,chr10_154265481,0.91,154265481,TR1,ZABCABCAZZCBACBACBACADCCBACADCCBACBAZZZZZBZ,0.744186046511628
91,chr10,chr10_154345481,0.92,154345481,TR1,ZZZZZZZZZZZZZZZZZZZZABCDEZZZZZZABCDE,0.277777777777778
92,chr10,chr10_154434883,0.92,154434883,TR1,ZZZZZ,0
93,chr10,chr10_154444883,0.9,154444883,TR1,ABCABCABZZABCAZBCZABCAZ,0.652173913043478
94,chr10,chr10_154464883,0.91,154464883,TR1,ZZZABZBZZZZZCCZBZBAZZ,0
95,chr10,chr10_154484883,0.91,154484883,TR1,ZZZZZABJCDKEAFGHAZEABJCDKEAFGHA,0.774193548387097
96,chr10,chr10_154517091,0.91,154517091,TR1,ZZZZ,0
97,chr10,chr10_154527091,0.9,154527091,TR1,ZABBABBAZBZBABBABCBBZBZZBBABBABCABBABCBZBZZ,0.511627906976744
98,chr10,chr10_154547091,0.91,154547091,TR1,ZAABZABZZ,0
99,chr10,chr10_154594908,0.91,154594908,TR1,ZAZZZABZBZBZABZ,0
100,chr10,chr10_154614908,0.9,154614908,TR1,ZZABCABCABCABCABCZ,0.833333333333333
101,chr10,chr10_154624908,0.96,154624908,TR1,ABCABZZBZABZZBDZBCZBCABDA,0.32
102,chr10,chr10_154634908,0.9,154634908,TR1,ABZCABCABZ,0.6
103,chr10,chr10_154644908,0.93,154644908,TR1,ABCABCABCABCABCZ,0.9375
104,chr10,chr10_154815992,0.91,154815992,TR1,ZAZZBZZBAZBAZ,0
105,chr10,chr10_154895941,0.91,154895941,TR1,ZABCABCACABCABCABCABCABCABZ,0.888888888888889
106,chr10,chr10_154999580,0.9,154999580,TR1,ZZ,0
107,chr10,chr10_155067684,0.9,155067684,TR1,ZABZZZBAZ,0
108,chr10,chr10_155156498,0.9,155156498,TR1,ZZAZABBBBBBBBBBBBBZABZAAZZBZ,0
109,chr10,chr10_155166498,0.92,155166498,TR1,ZZZZZZZZZ,0
110,chr10,chr10_155228928,0.91,155228928,TR1,ABCABCAB,1
111,chr10,chr10_155238928,0.92,155238928,TR1,ABCABCABCABCABCABCABZABZ,0.833333333333333
112,chr10,chr10_155258928,0.9,155258928,TR1,ZABCABCABCACABCABCABCABCABCZCBCZZZZZZZZZZAACDDCAZ,0.510204081632653
113,chr10,chr10_155298928,0.91,155298928,TR1,ABBZAZZ,0
114,chr10,chr10_155784971,0.9,155784971,TR1,ZZZZZZZZZZZZ,0
115,chr10,chr10_155804971,0.94,155804971,TR1,ZAAZZZZZBCDZDBCZ,0
116,chr10,chr10_155910219,0.92,155910219,TR1,ZABCABCABCZ,0.818181818181818
117,chr10,chr10_155920219,0.9,155920219,TR1,ABZZZZAAZBZCABCZ,0
118,chr10,chr10_155944116,0.9,155944116,TR1,ZZZAAZZBZCZZCAZZBZCZZ,0
119,chr10,chr10_160358436,0.9,160358436,TR1,ZZAAZBCZABCDAAABCDABCDABCABCCABCABCABCZBCABCABCABCAZZZCABCZZZBACBEACBEACBEACBEZZZAZZZZZZZZZZAZZZZZZZZZZZ,0.586538461538462
120,chr10,chr10_160593877,0.9,160593877,TR1,ZZZZZZ,0
121,chr10,chr10_160654052,0.9,160654052,TR1,ZABCCZAZBZBABACBABACACBACBCBACBCBABACBBACBACBACBACBACB,0.814814814814815
122,chr10,chr10_160702572,0.92,160702572,TR1,ZZZZZZZ,0
123,chr10,chr10_160722572,0.9,160722572,TR1,ZBCDBCDBCDBC,0.916666666666667
124,chr10,chr10_160758299,0.9,160758299,TR1,ZABZABZ,0
125,chr10,chr10_160778299,0.9,160778299,TR1,ABCABCABCABCABCAB,1
126,chr10,chr10_160831030,0.9,160831030,TR1,ZABABABCDBABCDBABCDBCDBCBCDBCDZ,0.774193548387097
127,chr10,chr10_160877090,0.9,160877090,TR1,ZABCABCAZAAABZCZZABCZZZ,0.391304347826087
128,chr10,chr10_39865233,0.9,39865233,TR1,ZZZAZAZ,0
129,chr10,chr10_39945984,0.91,39945984,TR1,ZBCDBCDBCDBCDBCDBCDBCDBCDBCD,0.964285714285714
130,chr10,chr10_39955984,0.9,39955984,TR1,ZBCDBCDBCDBCDBCDBCDBCDBCDBCDBCDBCDBDBDBDBDB,0.953488372093023
131,chr10,chr10_40000300,0.9,40000300,TR1,ZZ,0
132,chr10,chr10_40096221,0.9,40096221,TR1,ZZZZZZZZZ,0
133,chr10,chr10_49181809,0.92,49181809,CentC,ZZZZZZZZZZ,0
134,chr10,chr10_49595807,0.95,49595807,CentC,FHGAEBBCDFHGAEBBCDFHGAEBBCDFHGAEBBCDFHGAEBBCDFHGAEBBCDFZGAEBCDFZ,0.96875
135,chr10,chr10_49605807,0.97,49605807,CentC,ZEZZZABCDIEZFZABCZIEJGKABHDIEEJGKABHDIEZZLAZFLABCZIEZZZZZZZZZZZ,0.507936507936508
136,chr10,chr10_49615807,0.96,49615807,CentC,ZZZZZZZZZZZZZ,0
137,chr10,chr10_49911362,0.96,49911362,CentC,ABABCZZZZZZZBDBEABAZCZFZZBBDZEABABCZFZZBZZZEZZZZZZBZEZZBEZZBBZ,0.241935483870968
138,chr10,chr10_49931362,0.94,49931362,CentC,ZZAAAAIZZBCHDEFGBCHDEAZAAAIJACHDEFGBCHDEAIJACHDEFGBCHDEAZAAAIJAZ,0.71875
139,chr10,chr10_49941362,0.95,49941362,CentC,AZZZZAZZZZZBZAZZZCZZCB,0
140,chr10,chr10_49990044,0.93,49990044,CentC,ZABCDEBFAEBFACGHKIGJLACGHKIGJLABZDMBNAOCGCGJLABZDMBNAOCGZK,0.793103448275862
141,chr10,chr10_52669219,0.94,52669219,CentC,AGFBCDECCAGFBCZZAGZDECCAZZZZAZFGZZD,0.542857142857143
142,chr2,chr2_95494205,0.92,95494205,CentC,ZZ,0
143,chr2,chr2_95573112,0.9,95573112,CentC,ZZZAZZCCA,0
144,chr3,chr3_85140417,0.9,85140417,CentC,AAAZZAACDJEAKAFGAAHIEAACDJEAKAFGAAHIEAKAFGAAHILAEAKAFGAAHILAEA,0.919354838709677
145,chr3,chr3_85150417,0.93,85150417,CentC,ZZAZZZZZZZZZZZBCDEAFGHAZZZZZZZIJKZLZZLZZZAZZZZZZZIJKZZBCDEAFGHA,0.380952380952381
146,chr3,chr3_87447401,0.94,87447401,CentC,ZZZZZZZZZZZZZ,0
147,chr3,chr3_87629477,0.94,87629477,CentC,ZZEACDEBEACDEBEACZFZZZZZZGIHHIJZZGZFZZEAZZIZZJ,0.326086956521739
148,chr3,chr3_87639477,0.92,87639477,CentC,AAHBHCADIIEFGAAHBHCADIEFGAHBHCADEEFGAAADEFGAA,0.911111111111111
149,chr3,chr3_87670593,0.91,87670593,CentC,ZZZZAZBBABBZZZBBZABZBBA,0
150,chr3,chr3_87792275,0.95,87792275,CentC,ABZZZZZZZABZZ,0
151,chr3,chr3_87812275,0.93,87812275,CentC,ABDCDDEFDABDCDDEFDDGZEABDCZDDGAZZZD,0.571428571428571
152,chr3,chr3_87822275,0.94,87822275,CentC,ZZZZZZZZZZZZZZZ,0
153,chr3,chr3_87856086,0.91,87856086,CentC,BABBBBBZZBZBBBABBBBBBBBBBBZBZZZBZBB,0
154,chr3,chr3_87866086,0.92,87866086,CentC,ZZZZ,0
155,chr3,chr3_87894337,0.95,87894337,CentC,ZZABZCDHEFAGBICDHEFAGBICZZJKZLMZJZZZJKZLMZZZZZZZZZZZZZZZZZZ,0.322033898305085
156,chr3,chr3_87904337,0.94,87904337,CentC,ZZAZZZZZZBACDZZZZZZZZZZZZZZZZBACDZ,0.235294117647059
157,chr3,chr3_892640,0.9,892640,knob180,ZZZZZZZZZZZZZZZZZAAZZZZZZZZZZZZZZZ,0
158,chr4,chr4_106925178,0.9,106925178,Cent4,ABFCDEGABFCDEGABFCEGHABFCDEGABFCEGHABZ,0.973684210526316
159,chr4,chr4_106935178,0.93,106935178,Cent4,ZAZZZZZZAZZZZZZZZZZZZZ,0
160,chr4,chr4_106984820,0.91,106984820,Cent4,FABECDZECDJFGHIJFABECDJFGHIJFAZZCDJFGHIJF,0.902439024390244
161,chr4,chr4_106994820,0.92,106994820,Cent4,ZAHBCFDEICFDGAHBCFDEICFDGAHBCFDEICZCFDGAHJCFDEZCFDGAHJCFDGZHBZDKJCFDZJCFDEZDKJCFDE,0.878048780487805
162,chr4,chr4_107014820,0.94,107014820,Cent4,AEBFKGEBCEDAEBFKGEBCEDAEBCEDHILIHJBFKGEZFKGEDAEBFKGEBCEDAEBFKGEBCEDAEBCEDLZILILJBFKGEDHKGEDAEBFKGEBFKGEBFKGEBCEDCMBFKGEBCEBFKGEBCEBFKGEBCEDAMBFKGEBCEBFKGEBCEBFKGEBCEZ,0.801204819277108
163,chr4,chr4_107054820,0.9,107054820,Cent4,FABCDGABZAEFABCDGABCDGAEHDGIHJHDGIZJHDGIHJHJCDGHDGHJHDGALJHMALJNABCDGAEHMALJNAB,0.886075949367089
164,chr4,chr4_107074820,0.93,107074820,Cent4,ZZABCDEABCDEABFGBFHEABFGBFHEABFGBFHEAZZZZABZ,0.795454545454545
165,chr4,chr4_107084820,0.9,107084820,Cent4,ZABCDEFGBCDHABCDEFGBCDHZDEFGBZ,0.7
166,chr4,chr4_107124498,0.91,107124498,Cent4,ZABCDEABCDEABCFDEABCFABCFZBCFDEABCFABCDZ,0.925
167,chr4,chr4_107134498,0.9,107134498,Cent4,ZBCDEFGBCDEBCDEBCDFGBCDEBCDFGBCDEBGBCDEFGBCDEBGBCDEFGBCDEFGBCDEFGBCDEBGBCDCDFGB,0.949367088607595
168,chr4,chr4_107154498,0.9,107154498,Cent4,AFBCAFBCDEABCDEAFBCDEAFBCDEABCGEABCDEAGEABCDEABCDEABCDEAFDEAHIJHIKHIJHIGEAHIJHIKHIKHIGEAHIKHIGEAHIGEAHIGEAHIGEAHIGEAHIZ,0.932773109243697
169,chr4,chr4_107184498,0.96,107184498,Cent4,DECABDECABDECABDECABDECABDECABDECABDZCABDEZ,0.953488372093023
170,chr4,chr4_16995111,0.93,16995111,knob180,ZAZBAAAZBAAACCZZ,0
171,chr4,chr4_17130688,0.92,17130688,knob180,ZAZZZAAAAABACZZAAAZAABACDAAABZDAAAZA,0.222222222222222
172,chr4,chr4_183877514,0.9,183877514,knob180,ZZZZZZZZZZZZZZZZZ,0
173,chr4,chr4_183955579,0.9,183955579,knob180,AZZZZZZBZCZDBZCZDA,0
174,chr4,chr4_199589197,0.91,199589197,knob180,ZZZZZZZZZZZZZZ,0
175,chr4,chr4_231957747,0.93,231957747,TR1,ZZZBABACZZZZZZZZDCDBACDBACDCDBZZCDCZ,0.416666666666667
176,chr4,chr4_232019830,0.95,232019830,TR1,ABABABABABABABCDBABABABABABABAZCDBAZ,0.888888888888889
177,chr4,chr4_232029830,0.94,232029830,TR1,ABABCDEBZCABABCDEBAZZ,0.761904761904762
178,chr4,chr4_232071070,0.91,232071070,TR1,ABABAACABABAACAZBACAACAACAZZBZBBB,0.424242424242424
179,chr4,chr4_232081070,0.94,232081070,TR1,ABBCDEFGGGGZZACDBZCDEFGZGGGGGZABZZZZBZ,0.263157894736842
180,chr4,chr4_232091070,0.9,232091070,TR1,ABACABZAFDEACACAFDEACACACAEZACAZACACZ,0.540540540540541
181,chr4,chr4_232101070,0.95,232101070,TR1,ZZZAZAZZZZBBZZ,0
182,chr4,chr4_232156556,0.91,232156556,TR1,ABCBABCBDABECBDABECFABABCBECFABABCB,1
183,chr4,chr4_232166556,0.95,232166556,TR1,ZABCDABCDAZZZDABCZBCDABCBCBCDABCB,0.757575757575758
184,chr4,chr4_232176556,0.94,232176556,TR1,ZAZZABCBABABZZBABZZZZZABCBABZBAZBAZ,0.342857142857143
185,chr4,chr4_232186556,0.9,232186556,TR1,BZZAZABAZ,0
186,chr4,chr4_232206556,0.92,232206556,TR1,ZABCDABCDABCDABABZZBADCBZZZZZBZZZCB,0.4
187,chr4,chr4_232216556,0.91,232216556,TR1,ZZAABACACDAEAEACDAFBADAFBADAZZ,0.6
188,chr4,chr4_232226556,0.94,232226556,TR1,ZZZZZZZZZZ,0
189,chr4,chr4_232246556,0.94,232246556,TR1,ZAZZBABAZ,0
190,chr4,chr4_232285117,0.94,232285117,TR1,ABCDABCDCDABZ,0.923076923076923
191,chr4,chr4_232295117,0.93,232295117,TR1,ABACABACACABABACABACACABABABACAB,1
192,chr4,chr4_232305117,0.94,232305117,TR1,ZZ,0
193,chr4,chr4_232315117,0.94,232315117,TR1,ZABCZDCDABCDABABCDCDEABCDCDABCDAZFZCZZZZDZZEZFCDCGBCDCGBCDCDZEBAZCFZZ,0.594202898550725
194,chr4,chr4_232335117,0.9,232335117,TR1,ABCABCZZZ,0.666666666666667
195,chr4,chr4_232355117,0.94,232355117,TR1,ZZZZZZZABACZBACABABZABABAB,0.538461538461538
196,chr4,chr4_232365117,0.9,232365117,TR1,ABCDBAAEABCDBAAEADBAAABCEABZZEABAEABAEABAEAABAABAABABAAABZ,0.672413793103448
197,chr4,chr4_232415117,0.93,232415117,TR1,ZAZABAABCABADABCABADABABBZABCABAZAAAZBABABBZAZABAZ,0.56
198,chr4,chr4_232445117,0.9,232445117,TR1,ZZAAZZAZZZZZZZBCZBCZZ,0
199,chr4,chr4_232555920,0.91,232555920,TR1,ABABAAAZZZABZ,0
200,chr4,chr4_232565920,0.92,232565920,TR1,ABZZZABZ,0
201,chr4,chr4_232583892,0.96,232583892,TR1,ZBCDECBCDE,0.8
202,chr4,chr4_232593892,0.91,232593892,TR1,ZABCZBCCA,0
203,chr4,chr4_232654475,0.94,232654475,TR1,ZZZ,0
204,chr4,chr4_232716450,0.93,232716450,TR1,ZABABABABABABABABABZABABABDBABDBDBA,0.885714285714286
205,chr4,chr4_232726450,0.96,232726450,TR1,ZABACDBEZBACDBEDCDBABABACDCDBAFBGGACDCDCDBAFBGGACDCDZZDZDZDZZZZZDZ,0.651515151515151
206,chr4,chr4_232746450,0.94,232746450,TR1,ABCABABCABDBABDBABBBABABDBBZZABDBABDBABZAB,0.80952380952381
207,chr4,chr4_232766450,0.95,232766450,TR1,ABCDCDABCDCDCDABCDCDCDZZBAZAZZABCZ,0.676470588235294
208,chr4,chr4_232776450,0.92,232776450,TR1,ZABABCBCBABBZBZZBZZCZZBZZBCBAZ,0.266666666666667
209,chr4,chr4_232786450,0.93,232786450,TR1,ZBCDEBCDEBC,0.909090909090909
210,chr4,chr4_232796450,0.9,232796450,TR1,ABZZBACACABADAABADAZ,0.5
211,chr4,chr4_232806450,0.94,232806450,TR1,ZZAZZZAZAZZZ,0
212,chr4,chr4_232836450,0.9,232836450,TR1,ZZ,0
213,chr4,chr4_232856037,0.95,232856037,TR1,ZAZZZBACABABACABABACABABAZBAZCAZA,0.606060606060606
214,chr4,chr4_232866037,0.96,232866037,TR1,ZABDCABDCDCABDCDCZEFZCZEFZCABDCAB,0.696969696969697
215,chr4,chr4_232876037,0.95,232876037,TR1,ABCDABABABCDCDABABCDABABABABZZEDZZZEDABCDABCDABCDABCZZZ,0.781818181818182
216,chr4,chr4_232906037,0.94,232906037,TR1,ABCDZBCDBCDABCDBCDABADABCDAZZZEEEDABCZDADADADAEDAAEDAEBZ,0.803571428571429
217,chr4,chr4_232926037,0.94,232926037,TR1,AZZZABABABAABABACABACDABACDABACCACBACDABZCCZCCACBACABABAABAEBAABAEBAABAEBAABABAEZBACCZZCBZZZZCZ,0.778947368421053
218,chr4,chr4_233021155,0.9,233021155,TR1,ABCCBCZBCZDBABCCBCBCDBCEBZZCBBDBBCBCBBCEDBCBCBBCEDBCBBCZCBCBCCBDBCBCZ,0.739130434782609
219,chr4,chr4_233068000,0.94,233068000,TR1,ABABABABAZ,0.9
220,chr4,chr4_233078000,0.9,233078000,TR1,ABBCDDCDDCBCBCZZCEDBEZZZDBEDAZCBCBZCDCBZ,0.45
221,chr4,chr4_233108000,0.93,233108000,TR1,ZABBAZZZZCADBZDZCADZ,0.3
222,chr4,chr4_233118000,0.9,233118000,TR1,ZZZZZ,0
223,chr4,chr4_233128000,0.91,233128000,TR1,ZABCBBABCBBABABZBZZDBAZZZABADZ,0.366666666666667
224,chr4,chr4_233200524,0.9,233200524,TR1,ZZZZZZ,0
225,chr4,chr4_233262583,0.95,233262583,TR1,ZZZZAZZA,0
226,chr5,chr5_108197018,0.94,108197018,CentC,ZAZZABCDCEAABCDFHGIZZZZAZZAZCEAABCDFHGEAABCDFHGIZZZZZAZZZZJKJKZZAZZ,0.522388059701492
227,chr5,chr5_108239560,0.94,108239560,CentC,ZEFABCZEEFBCEFAEE,0.352941176470588
228,chr5,chr5_108249560,0.93,108249560,CentC,ZZZZ,0
229,chr5,chr5_199649781,0.94,199649781,knob180,ZZAZZZZZZZZZZAZZZZZZZZZZZZZBZZZZCZZDBCEZDBCEDBFZZZZZZFZ,0.145454545454545
230,chr5,chr5_199659781,0.91,199659781,knob180,ABZCDABCDABECDABECZAZCDAZZFGZHCDAZAZICZZZZIDCHAGFZZAD,0.377358490566038
231,chr5,chr5_199669781,0.9,199669781,knob180,ZZ,0
232,chr5,chr5_199679781,0.9,199679781,knob180,ABCBZABCBDABZBDAZZZEAFBBBZEAFBBGBBBBCBDHZIZBBZBIBHDCBZBBBIBGBBBZZBCBDABCBDAZZEAFBEABBB,0.453488372093023
233,chr5,chr5_199719781,0.93,199719781,knob180,ZZZAZZAAAZZABZACAZZZZZZDAZAZAZZZAZZZZAAZZZBZACAAAZDAZAZ,0
234,chr5,chr5_199739781,0.94,199739781,knob180,ZAZZZZZZZZAZZZZBZCDZEZABZZFZZZCDAZEZAZZBZZZZZFZZZZZ,0
235,chr5,chr5_199792026,0.93,199792026,knob180,ZABCZZDZCEDAZCEDABZZZBCZZZZZDAZZZZZZZZZZZAZZ,0.181818181818182
236,chr5,chr5_85945317,0.92,85945317,knob180,ZZZ,0
237,chr5,chr5_85983520,0.92,85983520,knob180,ZAHBCDIEFGFAHBCDIEFGGJKMFLMFZFGGJKMFLMFZZZZZZFZZZZZLNOFPZNOFPQMOFPQMOFPQMZFLMOFZZZZZZMORZZZZMRSXTFOUVZRSXTFOUV,0.672727272727273
238,chr5,chr5_86070708,0.92,86070708,knob180,GABCDDEZZFDGACDGABCDGABCDHABCDHABCDEIFDGIZZEZFZJKZZZZJK,0.6
239,chr5,chr5_86080708,0.91,86080708,knob180,ZAZZZZZBZCDEAZFBAGHFBZCDEAGHZ,0.448275862068966
240,chr5,chr5_86090708,0.9,86090708,knob180,ZZAZBZABZZZZACBBDCBBDZZABBDZAZBZBZABZZ,0.210526315789474
241,chr5,chr5_86110708,0.91,86110708,knob180,ZABCCZCCACZZABCCAZCZZZZCCZEFGHCCACIEFGHCCACIEFGHCCACIEF,0.672727272727273
242,chr5,chr5_86120708,0.94,86120708,knob180,ZZZAZBZZZZBZZZAZZZZZZBZZZCZZZDCZEFGZBHEZDZEFGZZDZEFGZBH,0.163636363636364
243,chr5,chr5_86252085,0.92,86252085,knob180,ZZZZZZZZZZZZZ,0
244,chr6,chr6_1002814,0.97,1002814,TR1,ZZZZ,0
245,chr6,chr6_1012814,0.95,1012814,TR1,ZABACZDEDABACDEDABACDZZDZEDABABABAABAZZBABAZZABADEZZDEBABA,0.53448275862069
246,chr6,chr6_1032814,0.9,1032814,TR1,ZZZZABBABBZ,0
247,chr6,chr6_1062814,0.9,1062814,TR1,ZZZZZZ,0
248,chr6,chr6_1099461,0.94,1099461,TR1,ZAZZZZBABZZZABAZ,0
249,chr6,chr6_1159461,0.95,1159461,TR1,ZABABCABADADABADABADEABADAZFBABADAZFBABCABZBADZGEZDZBAZZGECZ,0.616666666666667
250,chr6,chr6_1179461,0.92,1179461,TR1,ZZZZZZAZZZZZZZZZZZZACACADCAACADCA,0.363636363636364
251,chr6,chr6_1199461,0.92,1199461,TR1,ZZZ,0
252,chr6,chr6_1250037,0.94,1250037,TR1,ZZABZCDADADADADCDABCDABCZADADADABCDZABCDADFABCDADFADAGHCBCBCADAGHCB,0.835820895522388
253,chr6,chr6_1270037,0.93,1270037,TR1,ZAZABZABA,0
254,chr6,chr6_1300037,0.94,1300037,TR1,ZZZZZZZZ,0
255,chr6,chr6_1352462,0.96,1352462,TR1,ZZZABCDZBCEDZABCEEEDABCEEDABCE,0.766666666666667
256,chr6,chr6_1396970,0.94,1396970,TR1,ABACDABABACDABACBABACDABACBABACDABEABEABACDACDABABAZBABABADABZZBE,0.846153846153846
257,chr6,chr6_14345312,0.9,14345312,knob180,ZZZZ,0
258,chr6,chr6_1436970,0.92,1436970,TR1,AZABCDEBBFGHBABAAABABAAABCDEBBFGHBZ,0.828571428571429
259,chr6,chr6_1456970,0.92,1456970,TR1,ABAABACABAACADEAACADEZACABACACAC,0.78125
260,chr6,chr6_1476970,0.93,1476970,TR1,ZABABAZCDCDEFZBABABABGBABZBABGFEZBAZABZAB,0.414634146341463
261,chr6,chr6_1506970,0.95,1506970,TR1,ZABABCDCDABABABAZ,0.470588235294118
262,chr6,chr6_1516970,0.9,1516970,TR1,ABCBCBABABABABBABABABABBABAZZCBZZZZ,0.628571428571429
263,chr6,chr6_1526970,0.94,1526970,TR1,ZZZZZZZZZACBCDECZACBCDEACB,0.576923076923077
264,chr6,chr6_155128088,0.96,155128088,knob180,ZZZZZ,0
265,chr6,chr6_155138088,0.95,155138088,knob180,ABCAABCADABCAAZEADAABCADABCADAZFAABBFAABZBCZDABFAABFAABCACAAABCAABCAAEADAGCAABCACAAAAAZACBAAACACBAACGADAEAAC,0.759259259259259
266,chr6,chr6_155158088,0.96,155158088,knob180,AAABCAAABABCAABCAABDEFABCGBCAABDEFABCGFZBCBCAABDCAABDEFABCAAFBCAAABCGFABCZAABCGFBCAZZZABCZZAACBABABAGAZHIBAAACBAZJKBAFZZAZZAAZACZAAABZAZEFAABZKJGABCAAABIHCAAABIHCAGABABABCAZZZBAAZAAAAAAAZZFZZFZZZZZZZFZZFZZFZZZZZZZZAZZZ,0.509174311926605
267,chr6,chr6_155198088,0.9,155198088,knob180,AABAAAZACAAAAAAZACZAAAAAAAAAAAAAAAAAZAAAAACAZAAAAAAZAAAAAACAAAAABAAAAAAABAAAAABAAAAAAAAACAABAAZAAAZAAAEAAAAAACAAAAAAAAEAAAAAACAAAACAA,0
268,chr6,chr6_155310342,0.91,155310342,knob180,ZABCZZZZZBZZZDZDDZZZZDZZABCZZZDZZZ,0.176470588235294
269,chr6,chr6_155392510,0.92,155392510,knob180,AZZZZZBZZBZACDAAAAAEAAAFAAADACAZAZCAACDAAAAAEAAAFAAADA,0.185185185185185
270,chr6,chr6_155412510,0.94,155412510,knob180,ABCDEFGEEEHIJEFGEEEHIJEFGEEEHIJHZKZEZZEDCBAEKZEDCBAE,0.75
271,chr6,chr6_155422510,0.95,155422510,knob180,ZZAZZZBACZDDEDZABFDEDCABFZZZZAAABZZZZGZGZZ,0.142857142857143
272,chr6,chr6_1584585,0.94,1584585,TR1,ZABABABADCABABABADCADCABABABADCABZZ,0.914285714285714
273,chr6,chr6_1594585,0.95,1594585,TR1,ABACDEABACDEABACDZ,0.944444444444444
274,chr6,chr6_1674093,0.91,1674093,TR1,ZAZZZABAACACADEACACACADEACACCZZAACBFFFFZFAZBAZ,0.434782608695652
275,chr6,chr6_1724699,0.91,1724699,TR1,ZZABCDAEFEFCDABCDAEFEFZZZACCACABA,0.606060606060606
276,chr6,chr6_1734699,0.9,1734699,TR1,AZZAZ,0
277,chr6,chr6_1764737,0.92,1764737,TR1,ZAZZZA,0
278,chr6,chr6_176496518,0.9,176496518,knob180,ZZZZZZAABBCCZDDEEFFGGZZZZZZZZZZZZZZZZZZ,0
279,chr6,chr6_176497138,0.9,176497138,knob180,ZZZZAABBCCZDDEEFFGGZZZZZZZZZZZZZZZZZZ,0
280,chr6,chr6_176567787,0.9,176567787,knob180,AAZZZBBCCZDZZZZZZZDZZZZZZEZZEZZZZZZZFZZZZZZZFZZZEZZZZ,0
281,chr6,chr6_176567967,0.9,176567967,knob180,ZZZAABBZCZZZZZZZCZZZZZZDZZDZZZZZZZEZZZZZZZEZZZDZZZZZ,0
282,chr6,chr6_176866188,0.9,176866188,TR1,ZZAABBCCDDEEFFZZZZZZZZZZZZZZZZZZZZGZZZZZHZZZZZZZZHZZGZZZ,0
283,chr6,chr6_1793764,0.94,1793764,TR1,ZABCADECABCECECECZZZZCECECADBZECZEZZ,0.555555555555556
284,chr6,chr6_180608,0.92,180608,TR1,ZABBZZBABABDBABDBABDBABDBABDBABAB,0.303030303030303
285,chr6,chr6_1857213,0.91,1857213,TR1,ABCBCBAZBABDBDBCBDBDBCBCBDBDBCBCBCBZ,0.777777777777778
286,chr6,chr6_1867213,0.95,1867213,TR1,BABCBABABABABABCBABABABCBABABABCBABCBABZBABCBCZ,0.893617021276596
287,chr6,chr6_1887213,0.93,1887213,TR1,ABABCBCBABBCBCBABZBZBABCBABCBABCBABCBABCZBABCBABCBBABABABBBABABABBABZCBABABBABABZCBABC,0.872093023255814
288,chr6,chr6_190608,0.93,190608,TR1,ZBCBDBCBCBDBCBCBDBCBCBDBCBDBCBCBD,0.96969696969697
289,chr6,chr6_1917213,0.9,1917213,TR1,ZABCBABZCBABABZCBAZCADCAADCBZCEEZBBCZZCEBZ,0.357142857142857
290,chr6,chr6_1957213,0.91,1957213,TR1,ZABZABZ,0
291,chr6,chr6_19641956,0.9,19641956,knob180,ZZZZZZZABZZZZZABZZZBAABZZCAZBBCZZZZZZZZZZZZZZZZZBZZZ,0
292,chr6,chr6_1986060,0.94,1986060,TR1,ABCDCDCDABCDCDZZZZB,0.631578947368421
293,chr6,chr6_1996060,0.93,1996060,TR1,ZAZAZZZZAZ,0
294,chr6,chr6_200608,0.94,200608,TR1,ABCDABCZBADEDDEDEDEDABCDABABABDABZ,0.5
295,chr6,chr6_2045077,0.91,2045077,TR1,ZZABAZBZZZBZZ,0
296,chr6,chr6_2075077,0.9,2075077,TR1,ZAABAABAAZZBBACCCCZCBZDBBDBABAZAABDAZZADZZCBABZZBABBDCABBDCABA,0.193548387096774
297,chr6,chr6_2095077,0.94,2095077,TR1,ZDABCCDABCBCDABCBZ,0.777777777777778
298,chr6,chr6_2105077,0.95,2105077,TR1,ABCABCDZACACABBAEZZAEZZZDZZZZ,0.310344827586207
299,chr6,chr6_210608,0.95,210608,TR1,AZZZZZAZZ,0
300,chr6,chr6_2115077,0.91,2115077,TR1,ABZZABZ,0
301,chr6,chr6_2158472,0.95,2158472,TR1,AZBZAZB,0
302,chr6,chr6_2178472,0.94,2178472,TR1,ABACDBACDBACDBABAZCDBACDCDCZD,0.689655172413793
303,chr6,chr6_2188472,0.93,2188472,TR1,ZZZ,0
304,chr6,chr6_2198472,0.97,2198472,TR1,ABCADAEFEGHZZZAEABCADAEFEGHAEFEGHAEAEAZIEZZZZZZEAJCIEAZZJCIEAZCIE,0.630769230769231
305,chr6,chr6_2218472,0.94,2218472,TR1,ZZABCDABCDABCDEAZABCDEABCBCBCABC,0.78125
306,chr6,chr6_2228472,0.93,2228472,TR1,ABCDCDZZCABCD,0.615384615384615
307,chr6,chr6_2238472,0.95,2238472,TR1,ZAZZABZCZBZBADCBADCBAZCBADCBADCBAZ,0.617647058823529
308,chr6,chr6_2248472,0.94,2248472,TR1,ZABCBABCDBZZBZBDCBABCBCZZAZZZCEDCCEZ,0.333333333333333
309,chr6,chr6_2298472,0.91,2298472,TR1,ABCDZABCD,0.888888888888889
310,chr6,chr6_230608,0.93,230608,TR1,AZAZZBBBBBZ,0
311,chr6,chr6_2315919,0.95,2315919,TR1,ZZZZZ,0
312,chr6,chr6_2325919,0.9,2325919,TR1,ABCDBZZBAABAABAACCZEZZCEFZZFCCDBABABABDZBBABABAAACZAACAHCAACAHCAAC,0.484848484848485
313,chr6,chr6_2345919,0.94,2345919,TR1,ZDABCACDABCACACDACEZCAZCDACECECEECECZCECEZZECEZ,0.723404255319149
314,chr6,chr6_2365919,0.91,2365919,TR1,ZABZCAABABACAAZZABAZCACABACACAB,0.483870967741935
315,chr6,chr6_2385919,0.94,2385919,TR1,ZAZZCACA,0
316,chr6,chr6_2395919,0.9,2395919,TR1,ZZAZBCCBCCBCBCZAZZ,0
317,chr6,chr6_2457872,0.95,2457872,TR1,ZABCBCBCBCDABCBCBCDABCBCBCDABCZCBCDZAZCZZZDC,0.75
318,chr6,chr6_2487872,0.91,2487872,TR1,AAAZABABABZZBAZ,0
319,chr6,chr6_2528981,0.95,2528981,TR1,ZAZZBCABCADADZADEZZZZZEZDADZADZDZ,0.181818181818182
320,chr6,chr6_2538981,0.9,2538981,TR1,AABACABABABACAZDZZABABDZBZZ,0.592592592592593
321,chr6,chr6_2548981,0.91,2548981,TR1,ZABCDABAECFDABABAECFDABAZ,0.8
322,chr6,chr6_2558981,0.9,2558981,TR1,ABBZAZABCZBBABABC,0.352941176470588
323,chr6,chr6_2568981,0.92,2568981,TR1,ACCBCBCZACCB,0.666666666666667
324,chr6,chr6_2578981,0.96,2578981,TR1,ZZZZZ,0
325,chr6,chr6_2596527,0.93,2596527,TR1,ZZABABZZBABABZ,0.571428571428571
326,chr6,chr6_2606527,0.9,2606527,TR1,AZZBCZABBCBABCBABC,0.555555555555556
327,chr6,chr6_2616527,0.91,2616527,TR1,ZZZZBCBC,0
328,chr6,chr6_2626527,0.9,2626527,TR1,ZZAZBCCBCCBCBCZAZAZ,0
329,chr6,chr6_265896,0.93,265896,TR1,ABAZZABACZZBZACDZCZAZBABACDACACACD,0.441176470588235
330,chr6,chr6_2672602,0.9,2672602,TR1,ZZZZZ,0
331,chr6,chr6_2703193,0.94,2703193,TR1,ZABABABCBABABABABCBABZCBABABABCBA,0.909090909090909
332,chr6,chr6_2713193,0.95,2713193,TR1,ABZZABABA,0
333,chr6,chr6_2723193,0.9,2723193,TR1,ZABCZBCBCBABDCBDZBABCBCBABBCBABBC,0.727272727272727
334,chr6,chr6_2733193,0.95,2733193,TR1,ZAZZABZZCDACDBZ,0
335,chr6,chr6_275896,0.95,275896,TR1,ZABACZACDZZABABABACZDCDCZBACD,0.448275862068966
336,chr6,chr6_2766515,0.91,2766515,TR1,ZZZAZAZBZB,0
337,chr6,chr6_2806515,0.94,2806515,TR1,ZABCDABCDACBZDAZZBCBCBBCBAZEFBCBBEFBZ,0.378378378378378
338,chr6,chr6_2826515,0.9,2826515,TR1,AZZABBZ,0
339,chr6,chr6_2856515,0.9,2856515,TR1,ZZAZBACACZZBZCCACECACACACEC,0.62962962962963
340,chr6,chr6_285896,0.91,285896,TR1,ABACABACACABACDDBAZ,0.736842105263158
341,chr6,chr6_2866515,0.93,2866515,TR1,ZABACABACABADABABABADABZABAEAEFGKHIJFGKHIJFGKIJZZZZZAZABZEZLZZBZAL,0.53030303030303
342,chr6,chr6_2916515,0.92,2916515,TR1,ZZABZZBABAZZABABAAZABAZZBABZ,0.285714285714286
343,chr6,chr6_2946515,0.91,2946515,TR1,ABCBABABABCBABABAZABCBBABCBBABZZC,0.848484848484849
344,chr6,chr6_295896,0.93,295896,TR1,ABACACACABACZZBACCAZZZABACAZCZZZZBZ,0.342857142857143
345,chr6,chr6_2966515,0.9,2966515,TR1,ABCDEABCDEADEBZFZFZZFZZFFZGFZGFZFZGZZFZGHIJFGHIJFGHIJFGJIFGHZ,0.459016393442623
346,chr6,chr6_2988042,0.91,2988042,knob180,ZABCDEABCDFAGHZAICZAZHZAEJKZFEEJAZAZHKZFEZJAIAGZEAGHZEZJAIAZH,0.360655737704918
347,chr6,chr6_3035747,0.91,3035747,knob180,ABBCZZDABBZZBBZBBBEZDABBEZZCZZZZBZZFBBGBBABBGBBAZFBBGBZ,0.418181818181818
348,chr6,chr6_3045747,0.93,3045747,knob180,ABCDEZZZABCDEZZZZDZZZZZ,0.434782608695652
349,chr6,chr6_3104462,0.9,3104462,knob180,ZZZZZZZZ,0
350,chr6,chr6_3133067,0.9,3133067,knob180,ZABZCZDEFABDEFABDEFABDEFABGHCAZBAGBZBZZZBZZGBAGBAFEZBZZIBACHGBAZZEDBAFEDBACIB,0.623376623376623
351,chr6,chr6_3205369,0.91,3205369,knob180,ZABBCZDZABBCZDZZBBZBBBZZZBZBZBBZZBZZZBBBZZZZEEZFFZ,0.16
352,chr6,chr6_3245369,0.93,3245369,knob180,ZZZAZZZAAZZBZZBCDEZZAZABFZBCDEZAGAHFIBCDZZZAGAHFIBZZJZZAKAKALMFNZAZZZJZZKALMFNZZAZZZOPAQRZZZZSOPAQRZZSOPAQRZZ,0.467889908256881
353,chr6,chr6_3265369,0.92,3265369,knob180,ZABACAADZABABZAAEABABAEABABAZDAACABAZZZAFGABHAZZAZFGZBHABAIDABAIDABAAJZAZKZLAAABZZZZZZBAZZZZABAAALZKZABJAABAZZ,0.309090909090909
354,chr6,chr6_3329109,0.92,3329109,knob180,ABCCCDCEFGCHIJBCCCCDCEFGCHIJABCCCDCEZGCHIZCBCCCDZEZZKCZHCZCZDZZCKZZECDCCCZZZZHZZHIJABCZCDFGCHIC,0.473684210526316
355,chr6,chr6_3386371,0.92,3386371,knob180,AABCAAZDAZZAZABCAAAD,0.5
356,chr6,chr6_3481283,0.93,3481283,knob180,ZAZZZBZZZAZBZZ,0
357,chr6,chr6_3531283,0.9,3531283,knob180,ZZAZAZBAACDAZAADZAZACZAZAADZZABZZZDAAAZAZDEDABAEDZAZZ,0
358,chr6,chr6_357890,0.9,357890,TR1,ZZZ,0
359,chr6,chr6_3583321,0.93,3583321,knob180,AZBZZZCZZZBDZZCZZZDAZEZFGZZZZZZEZFGZZZZZZZBZZZZZZBZZBZZZ,0
360,chr6,chr6_3698496,0.9,3698496,knob180,AAZAZBAAAZZZZBAAZZACAAAABACADAAAAZZABAZBEAADAFAGIAAAHEAADAFAGIAAAHAZZAAZ,0.361111111111111
361,chr6,chr6_3738496,0.91,3738496,knob180,ZZZAZBCDEFZCDEFDEFDGAHIJBCDFDGAHIJBCDEFDEFAKALMLNAOPDQNAOPALEFAKALMZOZCDQNALNAOPCDZALZ,0.720930232558139
362,chr6,chr6_3787781,0.92,3787781,knob180,AAABCDEFGHIGAAABCDEFGHIGAAABC,0.96551724137931
363,chr6,chr6_3797781,0.93,3797781,knob180,ZZZZZZZAZZAZZZZZZZZZZAZBZCAZBZCAZB,0
364,chr6,chr6_3807781,0.9,3807781,knob180,EABCABBABCABBDEABBFABBJFABBBDEABBFABBJFABBGBBHBAIABJEABBFABBJFABBGBBHBAIABJEABBFABBJFABBGBBHBAIABJEABBFABBJFABBFABIZZZBAIABHBBFBBAFZBAZBBAAFBBZFBBAJBBAFZBAEBAFJBBAZ,0.841463414634146
365,chr6,chr6_381884,0.91,381884,TR1,ZABACABACABABAZZ,0.6875
366,chr6,chr6_3837781,0.93,3837781,knob180,JABZCDEFZGDZABZCDEFHIGFHIGDIJADDKLGDDKLGDZLGZZZZZZZMGLKKDMGLKDDGLKDDGLKDDGLKDDGLKDDGLKDDGLKDDNODGLKDDGLKDDDNODGLKDDGLKDDGLKDDGLKDDDDGLKDDGLKDDNJIDGZFZDZDDGLKDDZJIGZZZ,0.710843373493976
367,chr6,chr6_3867781,0.91,3867781,knob180,ZZZZAZBZZZBZZA,0
368,chr6,chr6_391884,0.93,391884,TR1,ZZZ,0
369,chr6,chr6_3924465,0.91,3924465,knob180,AIJJBECDEZEEBAFGHBAIJJBECDEZBAFGHBZEZBECEEBAEZZECKEZZEEBZZZZZZEEEKELECEEZEEKELECEEEEEKEEEEKELECEZBEKZZZEEZEZZZZ,0.540540540540541
370,chr6,chr6_3944465,0.95,3944465,knob180,AZZZAZDBCCDBEFGFCDCDBGFCDCDBEFGFGFCDCDBGFCDCDBEFGFCDCDBEFGFCDHEIJDBEKGFCDHEIJDBEFGFCDZFCDHEIJDBEFGFCDBEKGFCDHE,0.909090909090909
371,chr6,chr6_3964465,0.94,3964465,knob180,ZEABCZCDEFBCGEABCDEFBZZABCGEFZEAZZZZZZZZHZZZZZZZZHZZZZZ,0.436363636363636
372,chr6,chr6_3974465,0.91,3974465,knob180,ZZZZAZZZZBCDEABZDEABCDEZZCDEAZZZZZZZZZZZZZZZZZZZZZZZZZZZ,0.285714285714286
373,chr6,chr6_401884,0.96,401884,TR1,ABCDABCDABCDABZ,0.933333333333333
374,chr6,chr6_43651,0.96,43651,TR1,ZABCDZABCABDZ,0.461538461538462
375,chr6,chr6_441743,0.93,441743,TR1,ZABABCABABCZAABAZZABAACDZZACDZZZBAZ,0.457142857142857
376,chr6,chr6_451743,0.9,451743,TR1,ZZABZZZBABZZZZZCAZACBAZABABABZZB,0
377,chr6,chr6_471743,0.93,471743,TR1,ZZZABAZZZZZZZZZZZZZZZAZBAZZZ,0
378,chr6,chr6_53651,0.9,53651,TR1,CACBCCBCACBCACBCACBCBCACBCBCACBC,1
379,chr6,chr6_53843982,0.92,53843982,CentC,ZAAAABAACDAABAACEBAAFAABAACDAABAACEBAAFZZZZAAAZZAAAAABAACDA,0.644067796610169
380,chr6,chr6_53853982,0.94,53853982,CentC,DACBZZZCZZZZZZZZCADACBZCADACBEZFGZHIJZKCLMZGKCLMZZEZFHIJZKC,0.508474576271186
381,chr6,chr6_53863982,0.93,53863982,CentC,IAGBCBDFEBCBDFZGHBIAGBCBDFEBCAJBDFEBCAJBDFEZAGBCBDFEGHBIAGZ,0.864406779661017
382,chr6,chr6_569687,0.94,569687,TR1,ZZ,0
383,chr6,chr6_579687,0.95,579687,TR1,ZABCDABCDABCDABCDABCDABCDABCDABCDABCDZABCDABCDABZDZDZZDCZZZAZZZZ,0.71875
384,chr6,chr6_599687,0.92,599687,TR1,AZAZBCDEZBCDFBBDDEDFDEDZZDABEDABEDB,0.428571428571429
385,chr6,chr6_609687,0.94,609687,TR1,ZAAZZ,0
386,chr6,chr6_619687,0.97,619687,TR1,ABABACDEBACDEBABABABABFGHEBABABFGHEBABABFGHZ,0.977272727272727
387,chr6,chr6_63651,0.93,63651,TR1,ABABCDABABCDA,1
388,chr6,chr6_639687,0.92,639687,TR1,ABABABZZZCZCBBZZZZBAABCBABZ,0
389,chr6,chr6_649687,0.91,649687,TR1,ZAZZBCDEBCZAEBZZZZCEECECDCECZZECEZ,0
390,chr6,chr6_659687,0.9,659687,TR1,ABCBZCBABCBZABC,0.6
391,chr6,chr6_691881,0.94,691881,TR1,ABCBABDCBDCBABABDZBABCBABCBCBAB,0.935483870967742
392,chr6,chr6_701881,0.96,701881,TR1,ABCDEBCDEDZABCDEBCDEZEDZZZ,0.692307692307692
393,chr6,chr6_711881,0.95,711881,TR1,ZZZZZZZZ,0
394,chr6,chr6_73651,0.91,73651,TR1,ZABCDCDEBEBCDZCCZABCZ,0.476190476190476
395,chr6,chr6_774706,0.9,774706,TR1,ZZAZZBCAZCZZZBDDZZZZZZB,0
396,chr6,chr6_824706,0.9,824706,TR1,ABACABACABABACACABAZACABABACABAC,0.9375
397,chr6,chr6_834706,0.93,834706,TR1,ABABACACABADACABABACACABADADABADADABADADABACABACABABACACABAZCABAZZ,0.772727272727273
398,chr6,chr6_83651,0.9,83651,TR1,ZAAZZZABZZCZZABACZZZZZZZZAZZZZZZCAZZ,0
399,chr6,chr6_854706,0.94,854706,TR1,ZABCDABCDABCDABCDABCDADADABZCDAD,0.84375
400,chr6,chr6_864706,0.9,864706,TR1,ZABBABBABABCABABABCBADCAADCBZ,0.620689655172414
401,chr6,chr6_884706,0.9,884706,TR1,ZAABCBABBCBABBCZ,0.75
402,chr6,chr6_904706,0.93,904706,TR1,ZAZZBACDBACDBABACDBABACDEFGCCDBABACDFGCCDEFGCCBABADZAZZACZACC,0.754098360655738
403,chr7,chr7_154708871,0.92,154708871,knob180,ZABZCDECFGBHIJZCFGZZZZZZZZGFCZJICHBGFCZEDCZBZCZZCFZCFA,0.222222222222222
404,chr7,chr7_154718871,0.9,154718871,knob180,ABAACABAZZAACDBAAZBAZZZZEBAZZZEABDAABDCAABZAABAAABACAABACAABDZZABZAZ,0.338235294117647
405,chr7,chr7_154738871,0.9,154738871,knob180,ZABCZZDBEFZZAGZABCZBCHBZZIZDBEFJBZGKAZZZZZAGZABCHBBAGKABAKABZZZDBEFJBZCHBZZIZKZZZZZZZZ,0.511627906976744
406,chr7,chr7_56200463,0.94,56200463,CentC,ZZCABZZCABZZCAZ,0.4
407,chr7,chr7_56210463,0.9,56210463,CentC,ABZBBCBBBDEABBBCBBBBCBBBDEABBBCBBBBCBBBCBBDEFBBBBBBCBBBCBBBCBBBDEFBBZZZZBBBCBB,0.435897435897436
408,chr7,chr7_56347093,0.9,56347093,CentC,ZZZ,0
409,chr7,chr7_56513020,0.96,56513020,CentC,ABBZZZZCZCEFBCGHICEFBCGHIAB,0.592592592592593
410,chr7,chr7_56549227,0.95,56549227,CentC,AZZBBZCDZZCDBZZEEZZFGHZZIOZBAZJZZZBAZJZZZZGHZFAIOKALPMZZIOKALPM,0.222222222222222
411,chr7,chr7_56601448,0.97,56601448,CentC,ZAZZJBEZJZJZBCAJIHDEFGCAJIHDBEFGCAJIHDBEFHCAJIHDBEFGCAJIHDBEFGCAJIHDBEFGCAJKJDBELOMNZHCAJKJDBELOMNWXQPZZQQRSTZRUVPWXQQRSPTZRUV,0.761904761904762
412,chr7,chr7_56631448,0.96,56631448,CentC,ZAEEBECEDBEEBEEDBEZCFAEEBEEDBEZCFAEEBEEDBEGEHIEEEDBEGEHIEJEDBEGEJEDBEGEHIEJZZEEEDBEZEBEZZZEZMBKNZEZMBKN,0.766990291262136
413,chr7,chr7_58541845,0.95,58541845,CentC,ABZCDJEFAGHIZZZBZCDJEFAGHIZZZZZZZZ,0.529411764705882
414,chr7,chr7_58599306,0.93,58599306,CentC,ABBABZZACZAZAAZZABBABBACZABZDEACBAZDEZZZAAZZZBZABBZABBBZAZZZZZ,0.129032258064516
415,chr7,chr7_58609306,0.92,58609306,CentC,AAZZZZAZZAAAAAAZAZAZABAAAZZZZBAAZAAZAACAZAAAADAZZAAAAAAAAADAACZA,0
416,chr8,chr8_118936,0.92,118936,knob180,ZZABCDEFGHIJKZZZLMNONABCDEFGHZKPZMNONOQRSTUVFWXYEFGHIJKPLMNOOQRSTUVFWXYZZZZZZZZZZZZZZZZZZZZZZZZZZZZZZZZZZZZZZZZ,0.531531531531532
417,chr8,chr8_121124761,0.9,121124761,knob180,AZZZAAZZZZ,0
418,chr8,chr8_161574319,0.92,161574319,knob180,ZZZ,0
419,chr8,chr8_161584319,0.91,161584319,knob180,AAAAABCAAZCAABCAAAAZCAAADCABCAAZEZECAAZAZACAABCAFGZCAFGBCAAADCZZABABCACABCABABCAFABCAAADCAAABCAFABCAAADCAAA,0.719626168224299
420,chr8,chr8_161650804,0.9,161650804,knob180,AZZZZBCZBCAZZZZCZZCZZCZZ,0
421,chr8,chr8_161670804,0.91,161670804,knob180,ZAAZZBACZAAZACABZZAZZAZADAAAZZAAAADAAAAADAAADZAZZAAZA,0
422,chr8,chr8_161710500,0.95,161710500,knob180,ZZ,0
423,chr8,chr8_161749830,0.95,161749830,knob180,ZABCZABDAAAZCAZZZZZZAAZDAZBAZZCEZZEZZZZFZZFZZZAZACEZ,0
424,chr8,chr8_161759830,0.92,161759830,knob180,AZBZBBACZBZACBZZ,0
425,chr8,chr8_161811293,0.91,161811293,knob180,DABCAAAAZDAAZADABZDABCAAADAAZZZZZZZZZAZAAADZZAAAAEZDAEDD,0.267857142857143
426,chr8,chr8_161831293,0.96,161831293,knob180,ZABZCDABECZZZEFAZEFABFFABZDGEZEZBEDGBFABFFABEFAB,0.520833333333333
427,chr8,chr8_161872165,0.97,161872165,knob180,AZFBCDEFBCDZFZFBZGHBZGHZIZGZZIJEZKAJEFBZGZZZZZZFKZJZZ,0.226415094339623
428,chr8,chr8_161882165,0.95,161882165,knob180,ZABCBCZABCDZZAZZZCZCZCCABEBCFABCCCABEBCFZBCZFCCZZBZZAD,0.462962962962963
429,chr8,chr8_161892165,0.94,161892165,knob180,ZAAABAAABAAZAAABZABAAABBBBAAAZAABAAAAABABAZABAAAAABABAAABZAAZAAAAZZBAAAZZZZZZZZZZZAABAAZBAZAABAACZBZAABZZZAZC,0.0917431192660551
430,chr8,chr8_161974790,0.95,161974790,knob180,ZAZZAABAAAZABZAZZZAABAACEAABAEAAAAABZAZABABAAAADAZADABABABAAAAACAABAZAAAAAACZZAAZEAEAAABAAZAAAZAFAABAZAFAABZ,0.148148148148148
431,chr8,chr8_162004790,0.96,162004790,knob180,ABCDABCDAZECFAGEZFAZABCDAZBCDAZECFAGECFABCECZCCCFAGECFAZHCCFAGECICECECICECICECIHCCZG,0.75
432,chr8,chr8_162044400,0.92,162044400,knob180,ABBBCBBBBZZBBZBABBBCBBBBZBBBBBBBBBBBBBZBZBBBBBBBCBCBBZ,0
433,chr8,chr8_162109591,0.97,162109591,knob180,ZAFGBHIJCDKEZZAFGBHIJCDKEJZZDZZJJNOLZZJQZMZJJNOLZZZZZMZZZZZJZZZZZZZZZZZZZZZZZZJNZZZZPZJMQPRZZPZZZMQPRZZQZM,0.377358490566038
434,chr8,chr8_162139591,0.94,162139591,knob180,ABBBBZZAZZBZZZZZZZBBZZBZZB,0
435,chr8,chr8_162173641,0.96,162173641,knob180,ZABZCIDEFZGHZIZJZKZABZCIZEFZGHDKLKZJZZZZZZKZZLJZZZZZZ,0
436,chr8,chr8_162183641,0.94,162183641,knob180,ZZAAAAZBABZCAAAAAAZZBZAAABACADADAZDA,0
437,chr8,chr8_162328213,0.92,162328213,knob180,ZAZZZBAZZCZDAECZDAEFZZBZZAZZZZZAEFAEFAEFAEFAEFAEFAEFAEZ,0.545454545454545
438,chr8,chr8_162338213,0.91,162338213,knob180,ZAZZZZZBACDEAFGBAHIDBZZAZZZZZEAZZBAZCDZAFGBAHIDEAHIDEAH,0.472727272727273
439,chr8,chr8_162348213,0.9,162348213,knob180,ZABCCCDBCCECBCCBCCCDBCCDBCCZECBCCBFCBZZCAZCZCCCBFCBCAZ,0.611111111111111
440,chr8,chr8_162358213,0.91,162358213,knob180,ABCADEFAZGDAHIZJKABZZZILEZZZAZLAABAKJZIHADZAFEDACBAKZZZGEZMZZZZZMZ,0.0909090909090909
441,chr8,chr8_162391173,0.91,162391173,knob180,ABZZCZDZABCAECCBCAECZZDZFACGHGCCZFACGHGCCAZCZ,0.577777777777778
442,chr8,chr8_162443861,0.92,162443861,knob180,ABCDZEZDZFGZHEZZZZDIEGZHEDFDADIEGZHEDDDEJDAZKLMENDOKLMENDOZZZEZDCZDEPZADEPBPZADZDZPZAZADJZIZEZDABEDABPEDABPEDZEZDAZ,0.426086956521739
443,chr8,chr8_162515351,0.91,162515351,knob180,ZZZZZZZZ,0
444,chr8,chr8_162535351,0.93,162535351,knob180,ZZABCDBEFZABCDBEFZZZ,0.7
445,chr8,chr8_49455906,0.96,49455906,CentC,ZABAZZZZBZACDEAAZFFZZZAZZZZCDEAZ,0.25
446,chr8,chr8_49560641,0.91,49560641,CentC,ABABACDEACFGHACFJHICFJHABAABADEACFGHACFJHICFJHABZA,0.76
447,chr8,chr8_49626512,0.92,49626512,CentC,AAAAAAAAAAAAAAAAAAAAAAAA,0
448,chr8,chr8_70069733,0.96,70069733,TR1,ZZ,0
449,chr8,chr8_70221633,0.9,70221633,TR1,ZABCABCABDCEABDCEABDCEABCABCZ,0.931034482758621
450,chr8,chr8_70231633,0.93,70231633,TR1,ZABCABCABZABCAZ,0.733333333333333
451,chr8,chr8_70241633,0.9,70241633,TR1,ZZAZZZZZZZZZZZZZZZAZZA,0
452,chr8,chr8_70341633,0.9,70341633,TR1,ZZZABCAZZBADBZZZZZZDZZZZZZBDABCAZ,0.242424242424242
453,chr8,chr8_70396573,0.94,70396573,TR1,ZABCACABCAZZ,0.666666666666667
454,chr8,chr8_70447768,0.9,70447768,TR1,ZABCABCABCABCZZBZZZADCADCABCZ,0.724137931034483
455,chr8,chr8_70457768,0.92,70457768,TR1,ZZZZZZZ,0
456,chr8,chr8_70551797,0.92,70551797,TR1,ZABCAZZZZZZZZBCZZBAZZZACBAZACBA,0.258064516129032
457,chr8,chr8_70635388,0.93,70635388,TR1,ZZZZZ,0
458,chr8,chr8_70653874,0.93,70653874,TR1,ZAZZZAZ,0
459,chr8,chr8_70695523,0.9,70695523,TR1,ZAAZBCDBCDBCDBCDBCDZCZ,0.681818181818182
460,chr8,chr8_70728922,0.93,70728922,TR1,ZZZZZZZZZZZZZZZZZ,0
461,chr8,chr8_70798922,0.9,70798922,TR1,ZAZZAAZBZAZZZZZZABZ,0
462,chr8,chr8_70909306,0.9,70909306,TR1,AABACACDACAABACACDAZZCAZCAACAZ,0.6
463,chr8,chr8_70919306,0.91,70919306,TR1,ZAZZBCDDBCZDZZZZBDACZZCBBZ,0
464,chr8,chr8_70929306,0.9,70929306,TR1,ZABCABCABCABCABCABCAZCABCABCABCABCZ,0.885714285714286
465,chr8,chr8_70976224,0.91,70976224,TR1,ZZZZAJBCDZFGHIAJBCDFGHIKLHKLHAJBCD,0.852941176470588
466,chr8,chr8_70986224,0.9,70986224,TR1,ZZAZBCABCABCAZ,0.642857142857143
467,chr8,chr8_70996224,0.94,70996224,TR1,ZABCABCABCZ,0.818181818181818
468,chr8,chr8_71058175,0.9,71058175,TR1,ZABCDECDBABCDECDBAZBZ,0.80952380952381
469,chr8,chr8_71133610,0.92,71133610,TR1,ZZZZZZ,0
470,chr8,chr8_71173610,0.9,71173610,TR1,ZZAZAZ,0
471,chr8,chr8_71193610,0.9,71193610,TR1,ZABZCABCAZ,0
472,chr8,chr8_71380046,0.9,71380046,TR1,ZZZZ,0
473,chr9,chr9_101513,0.91,101513,knob180,ZAZBCZZZZAADACCBAZZAAZCZAZEAZZZAADCCZZZEACCBZACCBAACCBAACCBAACCBAAZCZACCZZ,0.391891891891892
474,chr9,chr9_141513,0.9,141513,knob180,ZAABAZBACDEBAABACDEBAABACDEBAABACDEBAAFBAAABACDEBAABACDEZFBAAAABACDZZACD,0.819444444444444
475,chr9,chr9_161513,0.91,161513,knob180,ZABZCBBZZZZZBBCZZZZDZBBCDBACBDBEBBCBEBBCDBZZBEBBCDZCDBC,0.418181818181818
476,chr9,chr9_171513,0.92,171513,knob180,AZZZZZZAZAAZZZBAZZAZCAZZAZDAZAZAAZZZZZDZAZZACZABZZAZZZ,0
477,chr9,chr9_191513,0.91,191513,knob180,ZABCDEABCDEABCDEABCDEAZFZZBCGHIBFJZBZZZKLMBZZKLMBCGHIBFJ,0.767857142857143
478,chr9,chr9_201513,0.9,201513,knob180,ZABZZBACAZZBACABCAZABZZADADZCABABZBAZBZZABABZAZZZBABBZABZZ,0.310344827586207
479,chr9,chr9_28190,0.93,28190,knob180,ZZZAZBBZCDEAZZZZAZBZCDEZZDE,0.222222222222222
480,chr9,chr9_348336,0.92,348336,knob180,ACCBCCCCDCCGCHEFCACCBCCCCDCCGCHECZICHZIZZZCJZCZJZZZCZCCZCZCHEFCZ,0.453125
481,chr9,chr9_38190,0.9,38190,knob180,ZBCBCC,0
482,chr9,chr9_389932,0.91,389932,knob180,ZABZZZZZACDBCDBEAZFEAZAZCZBZZZFZZBFZABZ,0.153846153846154
483,chr9,chr9_421291,0.92,421291,knob180,AZZZZZAABAAAAAAAAZAAAAAAAAAAAAAAAZBZZAAZAAZAAZAAZZZZZAA,0
484,chr9,chr9_441291,0.92,441291,knob180,ZZAAZBACZZZDEBACZZDEBAAAZZBAAAFBAAAGAAAAZAZBAAAAFBAAAGAZ,0.5
485,chr9,chr9_451291,0.93,451291,knob180,ZAZZZBCZZDZZAZZZZZZZAEFDGJHZAEBIFDGZIFDGJHZZZHZBCZBZ,0.288461538461538
486,chr9,chr9_58069465,0.95,58069465,CentC,AZZZZZZAZ,0
487,chr9,chr9_58164177,0.93,58164177,knob180,ZABECDCDABECDFZZGHGGZZGHGGZGZZFZZZZZZZZZGFZIJGZZGZFZZGIJG,0.280701754385965
488,chr9,chr9_58194177,0.91,58194177,knob180,AZBACDZAZBACDZAZZDZZZZZ,0.347826086956522
489,chr9,chr9_58295963,0.95,58295963,CentC,ZAZZABZZAACZACZABZAZ,0
490,chr9,chr9_58358757,0.96,58358757,CentC,AFLZBCDZAZZZECAFLZBDZZECZCZGIHCJKGIHCJKZCDGIHZCAFLAZCDGCAZHCAFLA,0.578125
491,chr9,chr9_58368757,0.95,58368757,CentC,ZCAZZCCCDCCCCADCCCCADCCCEFHGCCDCCCCEFHGCICCCEFHGCICDCCCCEFHGCICC,0.703125
492,chr9,chr9_58378757,0.97,58378757,CentC,AZGBZZCZAZDEZEZZFZGHACDEZZGBAIZFZGHACDEZZZZGZZZZZIJZGZZZZJZZZZZ,0.19047619047619
493,chr9,chr9_58631622,0.94,58631622,CentC,ZZ,0
494,chr9,chr9_58661243,0.96,58661243,CentC,GZABJCDEFGHIGZABJCDEFGHIGZFGHIGZA,0.818181818181818
495,chr9,chr9_58698191,0.94,58698191,CentC,BABACCDECACFGHZFGACHDECIJKLZCZJNCOIJKLAPFGACCDECIJNCOIJKLAP,0.779661016949153
496,chr9,chr9_58708191,0.92,58708191,CentC,HACCBDCCCBDCFECCZFECGACZHACCBDCFECGZCZECGZCZ,0.727272727272727
497,chr9,chr9_58718191,0.93,58718191,CentC,AZAZBCZZBZABCAABDADAABDADZAABDADAAAZAABCAABDABEADAABDADAAABDADAABDADAAABDADAAABDADAABDZDAAZZABEADAABDADAAABDADAAAB,0.771929824561403
498,chr9,chr9_69849,0.92,69849,knob180,ZAZBZZZAZBZZZZZZZZZCZZZZZZZBC,0
499,chr9,chr9_77144724,0.92,77144724,knob180,ABBZZZABBCBZZEFGHICBBBJKNLBBMJKEFGHICBBJKNLBBBJKNLBBMJ,0.740740740740741
500,chr9,chr9_77154724,0.94,77154724,knob180,ZABCDEZFZABDEZFZABCZZZZZZZZ,0.222222222222222
